Old Family #,Family Name,Looked at?,Variation,Algo ID,Algorithm Description,Final Call,Exact Problem Statement?,Exact?,Time Complexity (Average),Average Case Distribution,Reference?,,Algorithm Name,Year,Paper/Reference Link,Constants,Derived?,Paper Reference for Constants,Time Complexity Improvement?,Transition Class,Time Complexity Class,Param: Time Class,Total Communication,Units of Communication (eg messages vs bits),Total Comm Refrence,Communication Rounds,Rounds Refrence,Computation Time Complexity,Time Refrence,Parameter definitions,Preferred Parameter,Computational Model,Asynchronous or Scyncronous?,Randomized?,"Type of Randomized Algorithm (e.g. Las Vegas, Monte Carlo, Atlantic City)",Approximate?,Approximation Factor (if approximate algorithm),Lower Bound Runtime,Lower Bound Reference,Heuristic-based?,Quantum?,GPU-based?,Other References,"Algorithm family
parameters",Description of Inputs,Upper Bound Runtime,Ratios of input parameter sizes,Space n = 1000 value,Space n = 1000 rate,Space n = 10^6 value,Space n = 10^6 rate,Space n = 10^9 value,Space n = 10^9 rate,n = 1000 value,n = 1000 scale,n = 1000 Rate,n = 10^6 value,n = 10^6 scale,n = 10^6 Rate,n = 10^9 value,n = 10^9 scale,n = 10^9 Rate,Starting Complexity,Remarks,Domains
,,,,,,,,,,,,[  ()],,,,,,,,,,,,,,,,,,,,,,,,,,,,,,,,,,,,,,,,,,,,,,,,,,,,,
,,,,,,,,,,,,,,,,,,,,,,,,,,,,,,"N: number of processes in the system. These messages involve (N-1) request messages, (N-1) reply messages, and (N-1) release messages. E: Edges
",,,,,,,,,,,,,,,,,,,,,,,,,,,,,,,,,,,
,Sorting,,,,The ith processor has n keys and wants to receive the ith batch of n keys after all the keys are combined and sorted,,,,,,https://dl.acm.org/doi/abs/10.1145/1993806.1993851,,,2011,,,,,,,,,,,,O(loglogn),,,,,,CONGESTED CLIQUE,,Yes,LV,No,,,,,,,,,,,,,,,,,,,,,,,,,,,,,
,Sorting,,,,The ith processor has n keys and wants to receive the ith batch of n keys after all the keys are combined and sorted,,,,,,https://dl.acm.org/doi/abs/10.1145/2484239.2501983,,,2013,,,,,,,,,,,,O(1),,,,,,CONGESTED CLIQUE,,No,,No,,,,,,,,,,,,,,,,,,,,,,,,,,,,,
,Kth Order Statistic,,In a ring,,Every processor has a number .. some processor wants to find the kth smallest number,,,,,,https://dl.acm.org/doi/abs/10.1145/800221.806718,,,1983,,,,,,,,,,,,O(n),,,,,,CONGEST,,No,,No,,,,,,,,,,,,,,,,,,,,,,,,,,,,,
,Kth Order Statistic,,In a mesh,,Every processor has a number .. some processor wants to find the kth smallest number,,,,,,https://dl.acm.org/doi/abs/10.1145/800221.806718,,,1983,,,,,,,,,,,,O(sqrt(n)),,,,,,CONGEST,,No,,No,,,,,,,,,,,,,,,,,,,,,,,,,,,,,
,Kth Order Statistic,,,,Every processor has a number .. some processor wants to find the kth smallest number,,,,,,https://dl.acm.org/doi/abs/10.1145/800221.806717,,,1983,,,,,,,,,,,,O(Dn^09114),https://dl.acm.org/doi/pdf/10.1145/1248377.1248401,,,,,CONGEST,,No,,No,,,,,,,,,,,,,,,,,,,,,,,,,,,,,
,Kth Order Statistic,,,,Every processor has a number .. some processor wants to find the kth smallest number,,,,,,https://dl.acm.org/doi/abs/10.1145/800221.806717,,,1983,,,,,,,,,,,,O(Dlog(n)) expected,https://dl.acm.org/doi/pdf/10.1145/1248377.1248401,,,,,CONGEST,,Yes,LV,No,,,,,,,,,,,,,,,,,,,,,,,,,,,,,
,Kth Order Statistic,,,,Every processor has a number .. some processor wants to find the kth smallest number,,,,,,https://ieeexplore.ieee.org/abstract/document/588617,,,1997,,,,,,,,,O(n^2),messages,,?,,,,,,CONGEST,,No,,No,,,,,,,,,,,,,,,,,,,,,,,,,,,,,
,Kth Order Statistic,,,,Every processor has a number .. some processor wants to find the kth smallest number,,,,,,https://dl.acm.org/doi/abs/10.1145/1248377.1248401,,,2007,,,,,,,,,,,,O(Dlog_D(n)),,,,,,CONGEST,,Yes,LV,No,,omega(Dlog_D(n)),https://dl.acm.org/doi/abs/10.1145/1248377.1248401,,,,,,,,,,,,,,,,,,,,,,,,,,
,Kth Order Statistic,,,,Every processor has a number .. some processor wants to find the kth smallest number,,,,,,https://dl.acm.org/doi/abs/10.1145/1248377.1248401,,,2007,,,,,,,,,,,,O(D(log_D(n)^2)),,,,,,CONGEST,,No,,No,,omega(Dlog_D(n)),https://dl.acm.org/doi/abs/10.1145/1248377.1248401,,,,,,,,,,,,,,,,,,,,,,,,,,
,3-Coloring Rooted Trees,1,,,Coloring a rooted tree with 3 colors with no node getting the same color as its parent,,,,,,"Proceedings of the twenty-fifth annual ACM symposium on Theory of computing, pages 201–207. ACM, 1993","[Proceedings of the twenty-fifth annual ACM symposium on Theory of computing, pages 201–207. ACM, 1993. 3-Coloring rooted trees (1993)]",3-Coloring rooted trees,1993,"Proceedings of the twenty-fifth annual ACM symposium on Theory of computing, pages 201–207. ACM, 1993.","k > C0 where k
0 = log k +
log log k/2 + 1.",yes,,,,,,,,,1 /2 log∗ n − O(1),"Proc. of the Symp. on Found. of Comp. Sci. (FOCS), pages 331–335. IEEE, 1987",,,"N: number of graph nodes
E: number of edges k = coloring k' = new coloring",,Local,,Can be,Ramsey Theory,Yes,,,,,,,,,,,,,,,,,,,,,,,,,,,,,
,"Deterministic Coloring of General Graphs
",1,"Linial's coloring algorithm
",,obtain (∆^2)-coloring of the graphs where ∆ denotes the maximum degree. Greedy algorithm,,,,,,"Nathan Linial. Locality in distributed graph algorithms. SIAM Journal on Computing, 21(1):193–201, 1992. and Nathan Linial. Locality in distributed graph algorithms. SIAM Journal on Computing, 21(1):193–201, 1992. ","[Nathan Linial. Distributive graph algorithms global solutions
from local data. In Proc. of the Symp. on Found. of Comp. Sci.
(FOCS), pages 331–335. IEEE, 1987. Linial's coloring algorithm
 (1987)]","Linial's coloring algorithm
",1987,"Nathan Linial. Distributive graph algorithms global solutions
from local data. In Proc. of the Symp. on Found. of Comp. Sci.
(FOCS), pages 331–335. IEEE, 1987.","maximum degree ∆,",yes,,,,,,,,,O(log∗ n) ,"Nathan Linial. Distributive graph algorithms global solutions
from local data. In Proc. of the Symp. on Found. of Comp. Sci.
(FOCS), pages 331–335. IEEE, 1987.","O(∆^2 log k) Furthermore, if k' << ∆ 3 , then the bound can be improved to O(∆ 2 ).",,"N: number of graph nodes
E: number of edges k = coloring k' = new coloring ∆= maximum degree φ: k-coloring graph",,Local,,,,,,Ω(log∆ n),,,,,,,,"
O(log n)",,,,,,,,,,,,,,,,,,,
,Delta+1 Vertex Coloring,1,Kuhn-Wattenhofer Coloring Algorithm,,obtain  O(∆ log ∆ + log∗ n ) for a  O(∆ log ∆) -coloring of the graphs where ∆ denotes the maximum degree. ,,,,,,"Fabian Kuhn and Rogert Wattenhofer. On the complexity of distributed graph coloring. In Proceedings of the twenty-fifth annual ACM symposium on Principles of distributed computing, pages 7–15. ACM, 2006.","[Fabian Kuhn and Rogert Wattenhofer. On the complexity of distributed graph coloring. In Proceedings of the twenty-fifth annual ACM symposium on Principles of distributed computing, pages 7–15. ACM, 2006. Kuhn-Wattenhofer Coloring Algorithm (2006)]",Kuhn-Wattenhofer Coloring Algorithm,2006,"Fabian Kuhn and Rogert Wattenhofer. On the complexity of distributed graph coloring. In Proceedings of the twenty-fifth annual ACM symposium on Principles of distributed computing, pages 7–15. ACM, 2006.",,,,,,,,,,,O(∆ log ∆),"Fabian Kuhn and Rogert Wattenhofer. On the complexity of distributed graph coloring. In Proceedings of the twenty-fifth annual ACM symposium on Principles of distributed computing, pages 7–15. ACM, 2006.",O(∆ log( k ∆+1 )),,N: number of graph nodes E: number of edges k = coloring k' = new coloring ∆= maximum degree φ: k-coloring graph,,Local,,,,,,,,,,,,,,,,,,,,,,,,,,,,,,,,,
,Delta+1 Vertex Coloring,1,Kuhn’s Algorithm via Defective Coloring,,obtain O(∆ + log∗ n ) for a O(∆ log ∆) -coloring of the graphs where ∆ denotes the maximum degree.,,,,,,"Fabian Kuhn. Weak graph colorings: distributed algorithms and applications. In Proceedings of the twenty-first annual symposium on Parallelism in algorithms and architectures, pages 138–144. ACM, 2009.","[Fabian Kuhn. Weak graph colorings: distributed algorithms and applications. In Proceedings of the twenty-first annual symposium on Parallelism in algorithms and architectures, pages 138–144. ACM, 2009. Kuhn’s Algorithm via Defective Coloring (2009)]",Kuhn’s Algorithm via Defective Coloring,2009,"Fabian Kuhn. Weak graph colorings: distributed algorithms and applications. In Proceedings of the twenty-first annual symposium on Parallelism in algorithms and architectures, pages 138–144. ACM, 2009.",C - sufficiently large,,,,,,,,,,O(∆ + log∗ n) ,"Fabian Kuhn. Weak graph colorings: distributed algorithms and applications. In Proceedings of the twenty-first annual symposium on Parallelism in algorithms and architectures, pages 138–144. ACM, 2009.",O((∆−d/ d'−d+1)^2 log k),None,N: number of graph nodes E: number of edges k = coloring k' = new coloring ∆= maximum degree φ: d-defective k-coloring graph,,Local,,,,,,,,,,,,,,,,,,,,,,,,,,,,,,,,"Recursive function call using Master's Theorem: T(∆) = O(log∗ ∆) + T(∆/2) + O(∆).",
,Delta+1 Vertex Coloring,1,Barenboim,,Coloring the vertices of a graph with Delta+1 colors (where Delta is the max degree) such that no adjacent vertices get the same color,,,,,,"] Leonid Barenboim. Deterministic (δ+ 1)-coloring in sublinear (in δ) time in static, dynamic and faulty networks. In Proceedings of the 2015 ACM Symposium on Principles of Distributed Computing, pages 345–354. ACM, 2015.","[] Leonid Barenboim. Deterministic (δ+ 1)-coloring in sublinear (in δ) time in static, dynamic and faulty networks. In Proceedings of the 2015 ACM Symposium on Principles of Distributed Computing, pages 345–354. ACM, 2015. Barenboim (2015)]",Barenboim,2015,"] Leonid Barenboim. Deterministic (δ+ 1)-coloring in sublinear (in δ) time in static, dynamic and faulty networks. In Proceedings of the 2015 ACM Symposium on Principles of Distributed Computing, pages 345–354. ACM, 2015.",,,,,,,,,,,O(∆ 3/4 log ∆ + log∗ n),"] Leonid Barenboim. Deterministic (δ+ 1)-coloring in sublinear (in δ) time in static, dynamic and faulty networks. In Proceedings of the 2015 ACM Symposium on Principles of Distributed Computing, pages 345–354. ACM, 2015.",,,,,Local,,,,,,,,,,,,,,,,,,,,,,,,,,,,,,,,,
,2Delta-1 Edge Coloring,0.001,,,Coloring the edges of a graph with 2Delta-1 colors (where Delta is the max degree) such that no adjacent edges get the same color,,,,,,,[  ()],,,,,,,,,,,,,,,,,,,,,,,,,,,,,,,,,,,,,,,,,,,,,,,,,,,,,
,Maximal Independent Set,1,Generic,,"Given a LOCAL algorithm A that computes an MIS on any N-node graph in T(N) rounds, there is a LOCAL algorithm B that computes a ∆ + 1 coloring of any n-node graph with maximum degree ∆ in T(n(∆ + 1)) rounds.",,,,,,,[  ()],,,,,,,,,,,,,,O(log n),,,,A: local algorithm that computes MIS B: local algorithm that computes ∆ + 1 coloring of any n=node graph N: nodes ,,Local,,yes,,,,,,,,,,,,,,,,,,,,,,,,,,,,,,,
,Maximal Independent Set,1,Sublogarithmic-Time Randomized Coloring,,"There is a randomized LOCAL algorithm that computes a ∆(1 + ε)- coloring in O( p log n) rounds11, for any constant ε > 0, with high probability.",,,,,,,[ Sublogarithmic-Time Randomized Coloring ()],Sublogarithmic-Time Randomized Coloring,,,n,,,,,,,,,,O(sqrt(log n)),,,,A: local algorithm that computes MIS B: local algorithm that computes ∆ + 1 coloring of any n=node graph N: nodes ,,Local,,Yes,node killing  ,,,Θ(sqrt(log n)/ε) for ε>0,,,,,,,,,,,,,,,,,,,,,,,,,,,
,Maximal Independent Set,1,Luby's MIS Algorithm,,"computes an MIS in merely O(log n) rounds, with high probability",,,,,,"Michael Luby. A simple parallel algorithm for the maximal independent set problem. In Proc. of the Symp. on Theory of Comp. (STOC), pages 1–10, 1985.","[Michael Luby. A simple parallel algorithm for the maximal independent set problem. In Proc. of the Symp. on Theory of Comp. (STOC), pages 1–10, 1985. Luby's MIS Algorithm (1985)]",Luby's MIS Algorithm,1985,"Michael Luby. A simple parallel algorithm for the maximal independent set problem. In Proc. of the Symp. on Theory of Comp. (STOC), pages 1–10, 1985.",n,,,,,,,,,,O(log n),,,,A: local algorithm that computes MIS B: local algorithm that computes ∆ + 1 coloring of any n=node graph N: nodes ,,Local,,Yes,node killing  ,,,(sigma_P w∈N(e) Xw→e)/2,,,,,,,,,,,,,,,,,,,,,,,,,,,
,Network Decomposition,1,Randomized Construction,,"randomized LOCAL algorithm that computes a (C, D) weak-diameter network decomposition of any n-node graph G, for C = O(log n) and D = O(log n), in O(log2 n) rounds, with high probability.",,,,,," NEEDED: https://people.csail.mit.edu/ghaffari/DA22/Notes/DGA.pdf#page=16&zoom=100,134,470 - section 1.5.2\","[ NEEDED: https://people.csail.mit.edu/ghaffari/DA22/Notes/DGA.pdf#page=16&zoom=100,134,470 - section 1.5.2\ Randomized Construction ()]",Randomized Construction,," NEEDED: https://people.csail.mit.edu/ghaffari/DA22/Notes/DGA.pdf#page=16&zoom=100,134,470 - section 1.5.2\",,,,,,,,,,,O(log^2(n)),,"O(log n/ε) with high probability  1 −(1/n^c) , for a desirably large but fixed constant c > 2 ",,"V: number of graph nodes
E: number of edges C: number of vertex-disjoint graphs D: diameter",,Local,,Yes,,,,,,,,,,,,,,,,,,,,,,,,,,,,,,C and D are nearly optimal,
,Network Decomposition,1,Deterministic Construction 1 - Subpolynomial Time,,"There is a deterministic LOCAL algorithm that computes a (C, D)
strong-diameter network decomposition of any n-node graph G, for C = 2
O(√log n) and D = 2^O(√log n), in 2^O(√log n)rounds.",,,,,,"Alessandro Panconesi and Aravind Srinivasan. Improved distributed algorithms for coloring and network decomposition problems. In Proc. of the Symp. on Theory of Comp. (STOC), pages 581–592. ACM, 1992.","[Alessandro Panconesi and Aravind Srinivasan. Improved distributed algorithms for coloring and network decomposition problems. In Proc. of the Symp. on Theory of Comp. (STOC), pages 581–592. ACM, 1992. Deterministic Construction 1 (1992)]",Deterministic Construction 1,1992,"Alessandro Panconesi and Aravind Srinivasan. Improved distributed algorithms for coloring and network decomposition problems. In Proc. of the Symp. on Theory of Comp. (STOC), pages 581–592. ACM, 1992.",,,,,,,,D = O(log n) logd n = 2 O( √ log n log log n),,,2^O(√log n),"Alessandro Panconesi and Aravind Srinivasan. Improved distributed algorithms for coloring and network decomposition problems. In Proc. of the Symp. on Theory of Comp. (STOC), pages 581–592. ACM, 1992.",,,,,local,,No,,,,,,,,,,,,,,,,,,,,,,,,,,,,,,,
,Network Decomposition,1,"Deterministic Construction 2 - Polylogarithmic Time",,". There is a deterministic LOCAL algorithm that computes a (C, D) strong-diameter network decomposition of any n-node graph G, for C = O(log n) and D = O(log n), in O(log8 n) rounds",,,,,,"Vaclav Rozhon and Mohsen Ghaffari. Polylogarithmic-time deterministic network decomposition and distributed derandomization. In STOC, page to appear, 2020.","[Vaclav Rozhon and Mohsen Ghaffari. Polylogarithmic-time deterministic network decomposition and distributed derandomization. In STOC, page to appear, 2020. Deterministic Construction 2 (2020)]",Deterministic Construction 2,2020,"Vaclav Rozhon and Mohsen Ghaffari. Polylogarithmic-time deterministic network decomposition and distributed derandomization. In STOC, page to appear, 2020.",,,,,,,,,,,O(log8 n),"Vaclav Rozhon and Mohsen Ghaffari. Polylogarithmic-time deterministic network decomposition and distributed derandomization. In STOC, page to appear, 2020.",,,,,local,,No,,,,,,,,,,,,,,,,,,,,,,,,,,,,,,,
,Clustering Algorithm,1,Clustering Algorithm,,"There is a deterministic distributed algorithm that, in O(log6 n) rounds in the LOCAL model, finds a subset S 0 ⊆ S of living vertices, where |S 0 | > |S|/2, such that the subgraph G[S 0 ] induced by set S 0 is partitioned into non-adjacent disjoint clusters, each of weak-diameter O(log3 n) in graph G.",,,,,,,,,,,,,,,,,,O(log6 n),,,O(log3 n),,,,,,local,,,,,,,,,,,,,,,,,,,,,,,,,,,,,,,,,
,Minimum Spanning Tree,,,,Finding a spanning tree with minimum total weight,,,,,,,[  ()],,,,,,,,,,,,,,,,,,,,,,,,,,,,,,,,,,,,,,,,,,,,,,,,,,,,,
,Minimum Spanning Tree,1,,,Finding a spanning tree with minimum total weight,,,,,,,[https://dl.acm.org/doi/pdf/10.1145/357195.357200  (1983)],,1983,https://dl.acm.org/doi/pdf/10.1145/357195.357200,,,,,,,,O(E + NlogN),messages,https://dl.acm.org/doi/pdf/10.1145/357195.357200,O(NlogN),https://dl.acm.org/doi/pdf/10.1145/357195.357200,,,"N: number of graph nodes
E: number of edges",,Congest,,No,,No,,,,,,,,,,,,,,,,,,,,,,,,,,,,,
,Minimum Spanning Tree,0.001,,,Finding a spanning tree with minimum total weight,,,,,,,[https://ieeexplore.ieee.org/stamp/stamp.jsp?tp=&arnumber=4568149  (1985)],,1985,https://ieeexplore.ieee.org/stamp/stamp.jsp?tp=&arnumber=4568149,,,,,,,,O(E + NlogN),messages,https://ieeexplore.ieee.org/stamp/stamp.jsp?tp=&arnumber=4568149,,https://ieeexplore.ieee.org/stamp/stamp.jsp?tp=&arnumber=4568149,,,"N: number of graph nodes
E: number of edges",,,,,,,,,,,,,,,,,,,,,,,,,,,,,,,,,,,
,Minimum Spanning Tree,1,,,Finding a spanning tree with minimum total weight,,,,,,,[https://dl.acm.org/doi/pdf/10.1145/28395.28421  (1987)],,1987,https://dl.acm.org/doi/pdf/10.1145/28395.28421,,,,,,,,O(E + VlogV),messages,https://dl.acm.org/doi/pdf/10.1145/28395.28421,O(V),https://dl.acm.org/doi/pdf/10.1145/28395.28421,,,"N: number of graph nodes
E: number of edges",,Congest,,No,,No,,,,,,,,,,,,,,,,,,,,,,,,,,,,,
,Minimum Spanning Tree,1,,,Finding a spanning tree with minimum total weight,,,,,,,[https://www.researchgate.net/publication/220616582_A_SubLinear_Time_Distributed_Algorithm_for_Minimum-Weight_Spanning_Trees  (1995)],,1995,https://www.researchgate.net/publication/220616582_A_SubLinear_Time_Distributed_Algorithm_for_Minimum-Weight_Spanning_Trees,,,,,,,,,,,O(D + n^epsilon log*n),https://www.researchgate.net/publication/220616582_A_SubLinear_Time_Distributed_Algorithm_for_Minimum-Weight_Spanning_Trees,,,"n: number of graph nodes
D: graph diameter
epsilon = ln3 / ln6",,Congest,,No,,No,,,,,,,,,,,,,,,,,,,,,,,,,,,,,
,Minimum Spanning Tree,1,Application of a fast k-Dominating Set algorithm,,Finding a spanning tree with minimum total weight,,,,,,,[https://dl.acm.org/doi/pdf/10.1145/224964.224990  (1995)],,1995,https://dl.acm.org/doi/pdf/10.1145/224964.224990,,,,,,,,,,,O(n^(1/2)log*n + D),https://dl.acm.org/doi/pdf/10.1145/224964.224990,,,"n: number of graph nodes
D: graph diameter
",,Congest,,No,,No,,,,,,,,,,,,,,,,,,,,,,,,,,,,,
,Minimum Spanning Tree,1,,,Finding a spanning tree with minimum total weight,,,,,,,[https://arxiv.org/pdf/1703.02411.pdf  (2017)],,2017,https://arxiv.org/pdf/1703.02411.pdf,,,,,,,,O(mlogn + (nlogn) log*n),messages,https://arxiv.org/pdf/1703.02411.pdf,O((D + n^(1/2)) log n),https://arxiv.org/pdf/1703.02411.pdf,,,"n: number of graph nodes
m: number of edges
D: graph diameter",,Congest,,No,,No,,,,,,,,,,,,,,,,,,,,,,,,,,,,,
,Minimum Spanning Tree,0.001,,,Finding a spanning tree with minimum total weight,,,,,,,[https://dl.acm.org/doi/pdf/10.1145/3087801.3087827?casa_token=N_pwQthOKmUAAAAA:NU5tllIrcUFzqU3aPBKqHVpyQM_Cp7hiYmNifPB_qyEgEylCHAuzsCSoR28INVytyRNnJGBpDhaNKw  (2017)],,2017,https://dl.acm.org/doi/pdf/10.1145/3087801.3087827?casa_token=N_pwQthOKmUAAAAA:NU5tllIrcUFzqU3aPBKqHVpyQM_Cp7hiYmNifPB_qyEgEylCHAuzsCSoR28INVytyRNnJGBpDhaNKw,,,,,,,,,,,,,,,,,Congest,,Yes,Las Vegas,No,,,,,,,,,,,,,,,,,,,,,,,,,,,,,
,Minimum Spanning Tree,1,,,Finding a spanning tree with minimum total weight,,,,,,,[https://arxiv.org/pdf/1607.06883.pdf  (2018)],,2018,https://arxiv.org/pdf/1607.06883.pdf,,,,,,,,Õ(m),messages,https://arxiv.org/pdf/1607.06883.pdf,Õ(D + n^(1/2)),https://arxiv.org/pdf/1607.06883.pdf,,,"n: number of graph nodes
m: number of edges
D: graph diameter",,Congest,,Yes,Las Vegas,No,,,,,,,,,,,,,,,,,,,,,,,,,,,,,
,Minimum Spanning Tree,1,,,Finding a spanning tree with minimum total weight,,,,,,,[https://www.research-collection.ethz.ch/handle/20.500.11850/315337  (2018)],,2018,https://www.research-collection.ethz.ch/handle/20.500.11850/315337,,,,,,,,"Õ(min(n^(3/2), m))",messages,https://www.research-collection.ethz.ch/handle/20.500.11850/315337,Õ(D + n^(1/2)),https://www.research-collection.ethz.ch/handle/20.500.11850/315337,,,"n: number of graph nodes
m: number of edges
D: graph diameter",,Congest,,Yes,Las Vegas,No,,,,,,,,,,,,,,,,,,,,,,,,,,,,,
,Minimum Spanning Tree,1,,,Finding a spanning tree with minimum total weight,,,,,,,[https://dl.acm.org/doi/pdf/10.1145/3380546?casa_token=ehRtETWEBjkAAAAA:9-yaE0ChoFo92WwZtGsWKa2kf6kfx6hd51ex0_zIb5i_N7o7YBx0c4LLt0mwuIknNMMVYmCQrJWMoQ  (2020)],,2020,https://dl.acm.org/doi/pdf/10.1145/3380546?casa_token=ehRtETWEBjkAAAAA:9-yaE0ChoFo92WwZtGsWKa2kf6kfx6hd51ex0_zIb5i_N7o7YBx0c4LLt0mwuIknNMMVYmCQrJWMoQ,,,,,,,,O(mlogn + (nlogn) log*n),messages,https://dl.acm.org/doi/pdf/10.1145/3380546?casa_token=81ou0VdGAEoAAAAA:Gh1BfyeI0zFbhdoZxXsl-Yub8w8xXYpevbC0vYUaZYLGlP_5XvAW_quQlS5u7lJfQti20oba2JsKpA,O((D + n^(1/2)) logn),https://dl.acm.org/doi/pdf/10.1145/3380546?casa_token=81ou0VdGAEoAAAAA:Gh1BfyeI0zFbhdoZxXsl-Yub8w8xXYpevbC0vYUaZYLGlP_5XvAW_quQlS5u7lJfQti20oba2JsKpA,,,"n: number of graph nodes
m: number of edges
D: graph diameter",,Congest,,No,,No,,,,,,,,,,,,,,,,,,,,,,,,,,,,,
,MinCut,,,,"Finding a cut with minimum total weight .. there are better algorithms for (1+epsilon) approximation, so look into those first",,,,,,,[  ()],,,,,,,,,,,,,,,,,,,,,,,,,,,,,,,,,,,,,,,,,,,,,,,,,,,,,
,MinCut,1,1/ε approximation,,"Finding a cut with minimum total weight .. there are better algorithms for (1+epsilon) approximation, so look into those first",,,,,,,[https://arxiv.org/pdf/1305.5520.pdf  (2013)],,2013,https://arxiv.org/pdf/1305.5520.pdf,,,,,,,,,,,O(D) + O(n^((1/2) + ε) log^3(n) log(logn)log*n),https://arxiv.org/pdf/1305.5520.pdf,,,"n: number of graph nodes
D: graph diameter",,Congest,,Yes,Las Vegas,Yes,"O(1/ε), ε in range (0, 1)",,,,,,,,,,,,,,,,,,,,,,,,,,,,
,MinCut,1,2 + ε approximation,,"Finding a cut with minimum total weight .. there are better algorithms for (1+epsilon) approximation, so look into those first",,,,,,,[https://arxiv.org/pdf/1305.5520.pdf  (2013)],,2013,https://arxiv.org/pdf/1305.5520.pdf,,,,,,,,,,,O((D + n^(1/2) log*n) log^2(n) log(logn) 1/ε^5),https://arxiv.org/pdf/1305.5520.pdf,,,"n: number of graph nodes
D: graph diameter",,Congest,,Yes,Las Vegas,Yes,"2 + ε, ε > 0",,,,,,,,,,,,,,,,,,,,,,,,,,,,
,MinCut,,,,"Finding a cut with minimum total weight .. there are better algorithms for (1+epsilon) approximation, so look into those first",,,,,,,[https://dl.acm.org/doi/pdf/10.1145/2612669.2612706?casa_token=txOlIa5V41sAAAAA:tMIAwQ4-R-ablfyw7oeE6OVlD1V76jMwgj39HCcUkRsvxQ6j0hWHccZQNTKhSuUCwMzjS1woXVcKuw  (2014)],,2014,https://dl.acm.org/doi/pdf/10.1145/2612669.2612706?casa_token=txOlIa5V41sAAAAA:tMIAwQ4-R-ablfyw7oeE6OVlD1V76jMwgj39HCcUkRsvxQ6j0hWHccZQNTKhSuUCwMzjS1woXVcKuw,,,,,,,,,,,,,,,,,,,,,,,,,,,,,,,,,,,,,,,,,,,,,,,,,,
,MinCut,,,,"Finding a cut with minimum total weight .. there are better algorithms for (1+epsilon) approximation, so look into those first",,,,,,,[https://dl.acm.org/doi/abs/10.1145/3212734.3212750  (2018)],,2018,https://dl.acm.org/doi/abs/10.1145/3212734.3212750,,,,,,,,,,,,,,,,,Congested Clique,,,,,,,,,,,,,,,,,,,,,,,,,,,,,,,,,
,MinCut,,,,"Finding a cut with minimum total weight .. there are better algorithms for (1+epsilon) approximation, so look into those first",,,,,,,[https://dl.acm.org/doi/10.1145/3313276.3316346  (2019)],,2019,https://dl.acm.org/doi/10.1145/3313276.3316346,,,,,,,,,,,,,,,,,,,,,,,,,,,,,,,,,,,,,,,,,,,,,,,,,,
,MinCut,,,,"Finding a cut with minimum total weight .. there are better algorithms for (1+epsilon) approximation, so look into those first",,,,,,,[https://dl.acm.org/doi/pdf/10.1145/3406325.3451020?casa_token=Np84jW6NR8QAAAAA:7hKDr2WMCm4Osl_Jq-nuADiX5u4Xf4t8GOtH3qvMN6eK22VeOyvo_hU26Na6R-RKa7j7WMl-tMMx  (2021)],,2021,https://dl.acm.org/doi/pdf/10.1145/3406325.3451020?casa_token=Np84jW6NR8QAAAAA:7hKDr2WMCm4Osl_Jq-nuADiX5u4Xf4t8GOtH3qvMN6eK22VeOyvo_hU26Na6R-RKa7j7WMl-tMMx,,,,,,,,,,,,,,,,,,,,,,,,,,,,,,,,,,,,,,,,,,,,,,,,,,
,MinCut,,,,"Finding a cut with minimum total weight .. there are better algorithms for (1+epsilon) approximation, so look into those first",,,,,,,[https://dl.acm.org/doi/pdf/10.1145/3519270.3538429?casa_token=BNR0TcvdUaMAAAAA:X4HuiIi_4Ubtumbx2vhncXBiiARejlV17sIrzRWseqVEmcv-UHhjeA9d1BHJZtKHd4HZru4YwTDw  (2022)],,2022,https://dl.acm.org/doi/pdf/10.1145/3519270.3538429?casa_token=BNR0TcvdUaMAAAAA:X4HuiIi_4Ubtumbx2vhncXBiiARejlV17sIrzRWseqVEmcv-UHhjeA9d1BHJZtKHd4HZru4YwTDw,,,,,,,,,,,,,,,,,,,,,,,,,,,,,,,,,,,,,,,,,,,,,,,,,,
,Minimum Dominating Set,,k-dominating set of size at most n/(k+1),,Find a set S such that every node is either in S or adjacent to a node in S,,,,,,,,,1995,https://dl.acm.org/doi/pdf/10.1145/224964.224990,,,,,,,,,,,O(klog*(n)),,,,,,LOCAL,,No,,No,,,,,,,,,,,,,,,,,,,,,,,,,,,,,
,Minimum Dominating Set,,1+epsilon approximation,,Find a set S such that every node is either in S or adjacent to a node in S,,,,,,,,,2020,https://dl.acm.org/doi/pdf/10.1145/3357713.3384298,,,,,,,,,,,poly(log(n)/epsilon),,exponential .. problem is NP-complete,https://dl.acm.org/doi/pdf/10.1145/3357713.3384298,,,LOCAL,,No,,Yes,1+epsilon,,,,,,,,,,,,,,,,,,,,,,,,,,,,
,Spanner,,"(2k-1,0,O(n^(1+1/k)+kn))",,Finding a subgraph such that shortest paths are stretched,,,,,,,[https://onlinelibrary.wiley.com/doi/abs/10.1002/rsa.20130  (2006)],,2006,https://onlinelibrary.wiley.com/doi/abs/10.1002/rsa.20130,,,,,,,,,,,O(k),,,,,,CONGEST,,Yes,LV,No,,,,,,,,,,,,,,,,,,,,,,,,,,,,,
,Spanner,,"(3,0,O(n^(3/2)))",,Finding a subgraph such that shortest paths are stretched,,,,,,,[https://link.springer.com/chapter/10.1007/978-3-540-75142-7_16  (2007)],,2007,https://link.springer.com/chapter/10.1007/978-3-540-75142-7_16,,,,,,,,,,,O(log(n)),,,,,,LOCAL,,No,,No,,,,,,,,,,,,,,,,,,,,,,,,,,,,,
,Spanner,,"(O(k),0,O(kn^(1+1/k)))",,Finding a subgraph such that shortest paths are stretched,,,,,,,[https://link.springer.com/chapter/10.1007/978-3-540-75142-7_16  (2007)],,2007,https://link.springer.com/chapter/10.1007/978-3-540-75142-7_16,,,,,,,,,,,2^O(k)log^(k-1)(n),,,,,,LOCAL,,No,,No,,,,,,,,,,,,,,,,,,,,,,,,,,,,,
,Spanner,,"(1+epsilon,8log(n),O(n^3/2))",,Finding a subgraph such that shortest paths are stretched,,,,,,,[https://link.springer.com/chapter/10.1007/978-3-540-75142-7_16  (2007)],,2007,https://link.springer.com/chapter/10.1007/978-3-540-75142-7_16,,,,,,,,,,,O(log(n)/epsilon),,,,,,LOCAL,,No,,No,,,,,,,,,,,,,,,,,,,,,,,,,,,,,
,Spanner,,"(1+epsilon,4,O(n^3/2))",,Finding a subgraph such that shortest paths are stretched,,,,,,,[https://link.springer.com/chapter/10.1007/978-3-540-75142-7_16  (2007)],,2007,https://link.springer.com/chapter/10.1007/978-3-540-75142-7_16,,,,,,,,,,,2^O(sqrt(log(n)))+O(1/epsilon),,,,,,LOCAL,,No,,No,,,,,,,,,,,,,,,,,,,,,,,,,,,,,
,Spanner,,"(1+epsilon,4,O(n^3/2))",,Finding a subgraph such that shortest paths are stretched,,,,,,,[https://link.springer.com/chapter/10.1007/978-3-540-75142-7_16  (2007)],,2007,https://link.springer.com/chapter/10.1007/978-3-540-75142-7_16,,,,,,,,,,,O(1/epsilon+log(n)),,,,,,LOCAL,,Yes,LV,No,,,,,,,,,,,,,,,,,,,,,,,,,,,,,
,Spanner,,"(2k-1,0,O(kn^(1+1/k)))",,Finding a subgraph such that shortest paths are stretched,,,,,,,[https://dl.acm.org/doi/abs/10.1145/1400751.1400788  (2008)],,2008,https://dl.acm.org/doi/abs/10.1145/1400751.1400788,,,,,,,,,,,k,,,,,,LOCAL,,No,,No,,,,,,,,,,,,,,,,,,,,,,,,,,,,,
,Spanner,,"(1+epsilon,2,O(n^(3/2)/epsilon))",,Finding a subgraph such that shortest paths are stretched,,,,,,,[https://dl.acm.org/doi/abs/10.1145/1400751.1400788  (2008)],,2008,https://dl.acm.org/doi/abs/10.1145/1400751.1400788,,,,,,,,,,,O(1/epsilon),,,,,,LOCAL,,No,,No,,,,,,,,,,,,,,,,,,,,,,,,,,,,,
,Spanner,,"(3,2,O(n^(3/2)))",,Finding a subgraph such that shortest paths are stretched,,,,,,,[https://www.sciencedirect.com/science/article/pii/S0304397508001138  (2008)],,2008,https://www.sciencedirect.com/science/article/pii/S0304397508001138,,,,,,,,,,,2^O(sqrt(log(n))),,,,,,LOCAL,,No,,No,,,,,,,,,,,,,,,,,,,,,,,,,,,,,
,Spanner,,"(2k-1,0,kn^(1+1/k))",,Finding a subgraph such that shortest paths are stretched,,,,,,,[https://link.springer.com/chapter/10.1007/978-3-642-04355-0_20  (2009)],,2009,https://link.springer.com/chapter/10.1007/978-3-642-04355-0_20,,,,,,,,,,,k,,,,,,LOCAL,,No,,No,,,,,,,,,,,,,,,,,,,,,,,,,,,,,
,Spanner,,"(1+epsilon,2-epsilon,O(n^3/2))",,Finding a subgraph such that shortest paths are stretched,,,,,,,[https://link.springer.com/chapter/10.1007/978-3-642-04355-0_20  (2009)],,2009,https://link.springer.com/chapter/10.1007/978-3-642-04355-0_20,,,,,,,,,,,O(1),,,,,,LOCAL,,No,,No,,,,,,,,,,,,,,,,,,,,,,,,,,,,,
,Spanner,,"(1+epsilon,O(1/epsilon)^(k-2),O(epsilon^(1-k)n^(1+1/k)))",,Finding a subgraph such that shortest paths are stretched,,,,,,,[https://link.springer.com/chapter/10.1007/978-3-642-04355-0_20  (2009)],,2009,https://link.springer.com/chapter/10.1007/978-3-642-04355-0_20,,,,,,,,,,,O(1),,,,,,LOCAL,,No,,No,,,,,,,,,,,,,,,,,,,,,,,,,,,,,
,Spanner,,"(1+epsilon,6-epsilon,O(n^(4/3)/epsilon))",,Finding a subgraph such that shortest paths are stretched,,,,,,,[https://link.springer.com/chapter/10.1007/978-3-642-04355-0_20  (2009)],,2009,https://link.springer.com/chapter/10.1007/978-3-642-04355-0_20,,,,,,,,,,,O tilde(1),,,,,,LOCAL,,No,,No,,,,,,,,,,,,,,,,,,,,,,,,,,,,"O tilde(1) because the complexity of MIS was improved to that after the paper was published .. at the time the paper was published, MIS was only known to be subpolynomial",
,Spanner,,"(k,k-1,O(kn^(1+1/k)))",,Finding a subgraph such that shortest paths are stretched,,,,,,,[https://dl.acm.org/doi/abs/10.1145/1868237.1868242  (2010)],,2010,https://dl.acm.org/doi/abs/10.1145/1868237.1868242,,,,,,,,,,,O(k),,,,,,LOCAL,,Yes,LV,No,,,,,,,,,,,,,,,,,,,,,,,,,,,,,
,Spanner,,"(0,2,O(n^(3/2)log(n)))",,Finding a subgraph such that shortest paths are stretched,,,,,,,[https://dl.acm.org/doi/abs/10.1145/2484239.2484262  (2013)],,2013,https://dl.acm.org/doi/abs/10.1145/2484239.2484262,,,,,,,,,,,O(sqrt(n)log(n)+D),,,,,,CONGEST,,Yes,LV,No,,,,,,,,,,,,,,,,,,,,,,,,,,,,,
,Spanner,,"(2k-1,0,O tilde(kn^(1+1/k)))",,Finding a subgraph such that shortest paths are stretched,,,,,,,,,2018,https://arxiv.org/pdf/1805.05404.pdf,,,,,,,,,,,O(log(k)),,,,,,CONGESTED CLIQUE,,Yes,LV,No,,,,,,,,,,,,,,,,,,,,,,,,,,,,,
,Spanner,,"(2k-1,0,O tilde(kn^(1+1/k))))",,Finding a subgraph such that shortest paths are stretched,,,,,,,,,2018,https://arxiv.org/pdf/1805.05404.pdf,,,,,,,,,,,O(log(k)+loglogn^3),,,,,,CONGESTED CLIQUE,,No,,No,,,,,,,,,,,,,,,,,,,,,,,,,,,,,
,Spanner,,"(O(k),0,O(kn^(1+1/k)))",,Finding a subgraph such that shortest paths are stretched,,,,,,,,,2018,https://arxiv.org/pdf/1805.05404.pdf,,,,,,,,,,,O(log(k)),,,,,,CONGESTED CLIQUE,,No,,No,,,,,,,,,,,,,,,,,,,,,,,,,,,,,
,Spanner,,"(0,6,O((nlog(n))^(4/3)))",,Finding a subgraph such that shortest paths are stretched,,,,,,,[https://www.sciencedirect.com/science/article/abs/pii/S0304397520303194  (2020)],,2020,https://www.sciencedirect.com/science/article/abs/pii/S0304397520303194,,,,,,,,,,,O(n^2/3/log(n)^1/3+D),,,,,,CONGEST,,Yes,LV,No,,,,,,,,,,,,,,,,,,,,,,,,,,,,,
,Spanner,,"(O(k),0,O(n^(1+1/k)))",,Finding a subgraph such that shortest paths are stretched,,,,,,,[https://dl.acm.org/doi/abs/10.1145/3465084.3467928  (2021)],,2021,https://dl.acm.org/doi/abs/10.1145/3465084.3467928,,,,,,,,,,,O(1),,,,,,CONGESTED CLIQUE,,Yes,LV,No,,,,,,,,,,,,,,,,,,,,,,,,,,,,,
,Spanner,,"(2k-1,0,O(n^(1+1/k)))",,Finding a subgraph such that shortest paths are stretched,,,,,,,[https://dl.acm.org/doi/pdf/10.1145/3519270.3538439  (2022)],,2022,https://dl.acm.org/doi/pdf/10.1145/3519270.3538439,,,,,,,,,,,O(1),,,,,,CONGESTED CLIQUE,,Yes,LV,No,,,,,,,,,,,,,,,,,,,,,,,,,,,,,
,Shortest Path,1,Assumes polynomially bounded integer edge weights,,"Find the shortest path from node A to node B .. better approximation algorithms than exact ones, so look into those first",,,,,,,[https://www.ams.org/journals/qam/1958-16-01/S0033-569X-1958-0102435-2/S0033-569X-1958-0102435-2.pdf  (1958)],,1958,https://www.ams.org/journals/qam/1958-16-01/S0033-569X-1958-0102435-2/S0033-569X-1958-0102435-2.pdf,,,,,,,,,,,O(n),https://www.ams.org/journals/qam/1958-16-01/S0033-569X-1958-0102435-2/S0033-569X-1958-0102435-2.pdf,,,n: number of graph nodes,,CONGEST,,,,,,,,,,,,,,,,,,,,,,,,,,,,,,,,,
,Shortest Path,1,Assumes polynomially bounded integer edge weights,,"Find the shortest path from node A to node B .. better approximation algorithms than exact ones, so look into those first",,,,,,,[https://dl.acm.org/doi/pdf/10.1145/3055399.3055452  (2017)],,2017,https://dl.acm.org/doi/pdf/10.1145/3055399.3055452,,,,,,,,,,,"O((n logn)^5/6 ) for D = O(sqrt(n logn)), O(D^1/3 (n logn)^2/3) for larger D
",https://dl.acm.org/doi/pdf/10.1145/3055399.3055452,,,"n: number of graph nodes
D: graph diameter",,CONGEST,,Yes,Las Vegas,No,,,,,,,,,,,,,,,,,,,,,,,,,,,,,
,Shortest Path,1,Assumes polynomially bounded integer edge weights,,"Find the shortest path from node A to node B .. better approximation algorithms than exact ones, so look into those first",,,,,,,"[S. Forster and D. Nanongkai, ""A Faster Distributed Single-Source Shortest Paths Algorithm,"" 2018 IEEE 59th Annual Symposium on Foundations of Computer Science (FOCS), Paris, France, 2018, pp. 686-697, doi: 10.1109/FOCS.2018.00071.
  (2017)]",,2017,"S. Forster and D. Nanongkai, ""A Faster Distributed Single-Source Shortest Paths Algorithm,"" 2018 IEEE 59th Annual Symposium on Foundations of Computer Science (FOCS), Paris, France, 2018, pp. 686-697, doi: 10.1109/FOCS.2018.00071.
",,,,,,,,,,,O tilda (sqrt(nD)),https://dl.acm.org/doi/pdf/10.1145/3055399.3055452,,,"n: number of graph nodes
D: graph diameter",,CONGEST,,Yes,Las Vegas,,,,,,,,,,,,,,,,,,,,,,,,,,,,,,
,Shortest Path,1,Assumes polynomially bounded integer edge weights,,"Find the shortest path from node A to node B .. better approximation algorithms than exact ones, so look into those first",,,,,,,"[S. Forster and D. Nanongkai, ""A Faster Distributed Single-Source Shortest Paths Algorithm,"" 2018 IEEE 59th Annual Symposium on Foundations of Computer Science (FOCS), Paris, France, 2018, pp. 686-697, doi: 10.1109/FOCS.2018.00071.
  (2017)]",,2017,"S. Forster and D. Nanongkai, ""A Faster Distributed Single-Source Shortest Paths Algorithm,"" 2018 IEEE 59th Annual Symposium on Foundations of Computer Science (FOCS), Paris, France, 2018, pp. 686-697, doi: 10.1109/FOCS.2018.00071.
",,,,,,,,,,,O tilda (sqrt(n) D^1/4 + n^3/5 + D),https://dl.acm.org/doi/pdf/10.1145/3055399.3055452,,,"n: number of graph nodes
D: graph diameter",,CONGEST,,Yes,Las Vegas,,,,,,,,,,,,,,,,,,,,,,,,,,,,,,
,Expander Decomposition,0.001,phi=1/n^o(1),,Find a decomposition of the graph into clusters with good mixing time and a constant fraction of inter-cluster edges,,,,,,,[https://ieeexplore.ieee.org/abstract/document/9317987  (2020)],,2020,https://ieeexplore.ieee.org/abstract/document/9317987,,,,,,,,,,,n^o(1),,,,,,,,No,,No,,,,,,,,,,,,,,,,,,,,,,,,,,,,,
,Expander Decomposition,,phi=1/polylog(n),,Find a decomposition of the graph into clusters with mixing time O(polylog(n)) and a constant fraction of inter-cluster edges,,,,,,,[https://ieeexplore.ieee.org/abstract/document/9317987  (2020)],,2020,https://ieeexplore.ieee.org/abstract/document/9317987,,,,,,,,,,,O(polylog(n)),,,,,,,,Yes,,No,,,,,,,,,,,,,,,,,,,,,,,,,,,,,
,Routing,,,,Nodes want to send messages to eachother such that node v sends and receives O(deg(v)) messages .. route them quickly through the network,,,,,,,[https://dl.acm.org/doi/pdf/10.1145/1993636.1993639  (2011)],,2011,https://dl.acm.org/doi/pdf/10.1145/1993636.1993639,,,,,,,,,,,O(1),,,,,,CONGESTED CLIQUE,,Yes,,No,,,,,,,,,,,,,,,,,,,,,,,,,,,,,
,Routing,,,,Nodes want to send messages to eachother such that node v sends and receives O(deg(v)) messages .. route them quickly through the network,,,,,,,[https://dl.acm.org/doi/abs/10.1145/2484239.2501983  (2013)],,2013,https://dl.acm.org/doi/abs/10.1145/2484239.2501983,,,,,,,,,,,O(1),,,,,,CONGESTED CLIQUE,,No,,No,,,,,,,,,,,,,,,,,,,,,,,,,,,,,
,Routing,,,,Nodes want to send messages to eachother such that node v sends and receives O(deg(v)) messages .. route them quickly through the network,,,,,,,[https://dl.acm.org/doi/abs/10.1145/3087801.3087827  (2017)],,2017,https://dl.acm.org/doi/abs/10.1145/3087801.3087827,,,,,,,,,,,2^O(sqrt(log(n)loglog(n)))*Tmix(G),,,,Tmix(G): the mixing time of the communication graph,,CONGEST,,Yes,,No,,,,,,,,,,,,,,,,,,,,,,,,,,,,,
,Routing,,,,Nodes want to send messages to eachother such that node v sends and receives O(deg(v)) messages .. route them quickly through the network,,,,,,,[https://arxiv.org/abs/1805.04764  (2018)],,2018,https://arxiv.org/abs/1805.04764,,,,,,,,,,,2^O(sqrt(log(n)))*Tmix(G),,,,Tmix(G): the mixing time of the communication graph,,CONGEST,,Yes,,No,,,,,,,,,,,,,,,,,,,,,,,,,,,,,
,Matrix Multiplication,,,,Multiply 2 matrices where the ith node has the ith row of each matrix and wants to get the ith node of the product,,,,,,,,,2014,https://people.csail.mit.edu/andyd/cong_clique_podc14.pdf,,,,,,,,,,,O(n^(w-2)),,,,w - exponent of matrix multiplication,,CONGESTED CLIQUE,,Yes,LV,No,,,,,,,,,,,,,,,,,,,,,,,,,,,,,
,Matrix Multiplication,,,,Multiply 2 matrices where the ith node has the ith row of each matrix and wants to get the ith node of the product,,,,,,,,,2015,https://arxiv.org/abs/1503.04963,,,,,,,,,,,O(n^(1-2/w)),,,,w - exponent of matrix multiplication,,CONGESTED CLIQUE,,No,,No,,,,,,,,,,,,,,,,,,,,,,,,,,,,,
,Triangle Listing/Enumeration,1,,,List all the triangles in the graph such that any triangle can be listed by any node,,,,,,,[https://arxiv.org/pdf/1201.6652.pdf  (2012)],,2012,https://arxiv.org/pdf/1201.6652.pdf,,,,,,,,,,,O(n^(1/3)/log(n)),,,,,,CONGESTED CLIQUE,,Yes,LV,No,,omega(n^(1/3)/log(n)),https://arxiv.org/abs/1705.09061,,,,,,,,,,,,,,,,,,,,,,,,,,
,Triangle Listing/Enumeration,1,,,List all the triangles in the graph such that any triangle can be listed by any node,,,,,,,[https://arxiv.org/abs/1705.09061  (2017)],,2017,https://arxiv.org/abs/1705.09061,,,,,,,,,,,O(n^(3/4)log(n)),,,,,,CONGEST,,Yes,LV,No,,omega(n^(1/3)/log(n)),https://arxiv.org/abs/1705.09061,,,,,,,,,,,,,,,,,,,,,,,,,,
,Triangle Listing/Enumeration,1,,,List all the triangles in the graph such that any triangle can be listed by any node,,,,,,,[https://arxiv.org/abs/1807.06624  (2018)],,2018,https://arxiv.org/abs/1807.06624,,,,,,,,,,,O tilde(n^1/2),,,,,,CONGEST,,Yes,LV,No,,omega(n^(1/3)/log(n)),https://arxiv.org/abs/1705.09061,,,,,,,,,,,,,,,,,,,,,,,,,,
,Triangle Listing/Enumeration,1,,,List all the triangles in the graph such that any triangle can be listed by any node,,,,,,,[https://ieeexplore.ieee.org/abstract/document/9317987  (2020)],,2020,https://ieeexplore.ieee.org/abstract/document/9317987,,,,,,,,,,,n^(2/3+o(1)),,,,,,CONGEST,,No,,No,,,,,,,,,,,,,,,,,,,,,,,,,,,,,
,Triangle Listing/Enumeration,1,,,List all the triangles in the graph such that any triangle can be listed by any node,,,,,,,[https://dl.acm.org/doi/abs/10.1145/3446330  (2021)],,2021,https://dl.acm.org/doi/abs/10.1145/3446330,,,,,,,,,,,O tilde(n^(1/3)),,,,,,CONGEST,,Yes,LV,No,,,,,,,,,,,,,,,,,,,,,,,,,,,,,
,Triangle Listing/Enumeration,1,,,List all the triangles in the graph such that any triangle can be listed by any node,,,,,,,[https://arxiv.org/abs/2205.09245  (2022)],,2022,https://arxiv.org/abs/2205.09245,,,,,,,,,,,n^(1/3+o(1)),,,,,,CONGEST,,No,,No,,,,,,,,,,,,,,,,,,,,,,,,,,,,,
,Triangle Listing/Enumeration,1,Sparse graph,,List all the triangles in the graph such that any triangle can be listed by any node,,,,,,,[https://arxiv.org/abs/1201.6652  (2012)],,2012,https://arxiv.org/abs/1201.6652,,,,,,,,,,,O(m^2/n^3),,,,,,CONGESTED CLIQUE,,No,,No,,,,,,,,,,,,,,,,,,,,,,,,,,,,,
,Triangle Listing/Enumeration,1,Sparse graph,,List all the triangles in the graph such that any triangle can be listed by any node,,,,,,,[https://arxiv.org/abs/1602.08481  (2016)],,2016,https://arxiv.org/abs/1602.08481,,,,,,,,,,,O tilde(m/n^(5/3)+1),,,,,,CONGESTED CLIQUE,,No,,No,,,,,,,,,,,,,,,,,,,,,,,,,,,,,
,Triangle Listing/Enumeration,1,Sparse graph,,List all the triangles in the graph such that any triangle can be listed by any node,,,,,,,[https://arxiv.org/abs/1802.04789  (2018)],,2018,https://arxiv.org/abs/1802.04789,,,,,,,,,,,O(m/n^(5/3)+1),,,,,,CONGESTED CLIQUE,,No,,No,,omega tilde(m/n^(5/3)+1),https://arxiv.org/pdf/1602.08481.pdf,,,,,,,,,,,,,,,,,,,,,,,,,,
,Triangle Listing/Enumeration,1,Graph with small max degree,,List all the triangles in the graph such that any triangle can be listed by any node,,,,,,,[https://arxiv.org/abs/1908.11825  (2019)],,2019,https://arxiv.org/abs/1908.11825,,,,,,,,,,,O(Delta/log(n)+loglog(Delta)),,,,,,CONGEST,,Yes,LV,No,,,,,,,,,,,,,,,,,,,,,,,,,,,,,
,Triangle Detection,1,,,Detect if the graph has a triangle,,,,,,,[https://arxiv.org/abs/1503.04963  (2015)],,2015,https://arxiv.org/abs/1503.04963,,,,,,,,,,,O(n^(1-2/w)),,,,w - exponent of matrix multiplication,,CONGESTED CLIQUE,,No,,No,,,,,,,,,,,,,,,,,,,,,,,,,,,,,
,Triangle Detection,1,,,Detect if the graph has a triangle,,,,,,,,,2017,https://arxiv.org/abs/1705.09061,,,,,,,,,,,O((nlog(n))^(2/3)),,,,,,CONGEST,,Yes,LV,No,,,,,,,,,,,,,,,,,,,,,,,,,,,,,
,Triangle Detection,1,,,Detect if the graph has a triangle,,,,,,,,,2018,https://arxiv.org/abs/1807.06624,,,,,,,,,,,O tilde(n^1/2),,,,,,CONGEST,,Yes,LV,No,,,,,,,,,,,,,,,,,,,,,,,,,,,,,
,Triangle Detection,1,,,Detect if the graph has a triangle,,,,,,,[https://ieeexplore.ieee.org/abstract/document/9317987  (2020)],,2020,https://ieeexplore.ieee.org/abstract/document/9317987,,,,,,,,,,,n^(1-1/w+o(1)),,,,w - exponent of matrix multiplication,,CONGEST,,No,,No,,,,,,,,,,,,,,,,,,,,,,,,,,,,,
,Triangle Detection,1,,,Detect if the graph has a triangle,,,,,,,[https://dl.acm.org/doi/abs/10.1145/3446330  (2021)],,2021,https://dl.acm.org/doi/abs/10.1145/3446330,,,,,,,,,,,O(n^(1/3)),,,,,,CONGEST,,Yes,LV,No,,,,,,,,,,,,,,,,,,,,,,,,,,,,,
,Local Triangle Listing,1,,,Every node lists the triangles it's in,,,,,,,,,2012,https://arxiv.org/pdf/1201.6652.pdf,,,,,,,,,,,O(n^1/3 (log n)^2/3),,,,n - number of nodes,,CONGEST clique,,Yes,,No,,,,,,,,,,,,,,,,,,,,,,,,,,,,,
,Local Triangle Listing,1,,,Every node lists the triangles it's in,,,,,,,,,2017,https://arxiv.org/pdf/1705.09061.pdf,,,,,,,,,,,O(n^3/4 log n),,,,n - number of nodes,,CONGEST,,Yes,,No,,omega(n/log(n)),https://arxiv.org/pdf/1705.09061.pdf,,,,,,,,,,,,,,,,,,,,,,,,,,
,APSP,1,Unweighted edges,,Find all-pair-shortest-paths in the network,,,,,,,,,2012,https://dl.acm.org/doi/abs/10.1145/2332432.2332504,,,,,,,,,,,O(n),,,,,,CONGEST,,No,,No,,omega(n/log(n)),https://arxiv.org/abs/1403.5171,,,,,,,,,,,,,,,,,,,,,,,,,,
,APSP,1,Unweighted edges,,Find all-pair-shortest-paths in the network,,,,,,,,,2016,https://dl.acm.org/doi/abs/10.1145/2935764.2935812,,,,,,,,,,,O(n/log(n)+D),,,,,,CONGEST,,No,,No,,omega(n/log(n)),https://arxiv.org/abs/1403.5171,,,,,,,,,,,,,,,,,,,,,,,,,,
,APSP,1,"Weighted edges, O(1) approximation",,Find all-pair-shortest-paths in the network,,,,,,,,,2012,https://arxiv.org/abs/1210.5774,,,,,,,,,,,O(n^(1/2+epsilon)+D),,,,,,CONGEST,,Yes,LV,Yes,O(1/epsilon*log(1/epsilon)),,,,,,,,,,,,,,,,,,,,,,,,,,,,
,APSP,1,"Weighted edges, O(k) approximation",,,,,,,,,,,2013,https://dl.acm.org/doi/abs/10.1145/2484239.2484262,,,,,,,,,,,O(n^(1/2+1/k)+D),,,,,,CONGEST,,Yes,LV,Yes,O(k),,,,,,,,,,,,,,,,,,,,,,,,,,,,
,APSP,1,2+o(1) approximation,,Find all-pair-shortest-paths in the network,,,,,,,,,2014,https://dl.acm.org/doi/abs/10.1145/2591796.2591850,,,,,,,,,,,O tilde(n^1/2),,,,,,CONGEST,,Yes,LV,Yes,2+o(1),,,,,,,,,,,,,,,,,,,,,,,,,,,,
,APSP,1,"Weighted edges, 1+o(1) approximation",,Find all-pair-shortest-paths in the network,,,,,,,[https://dl.acm.org/doi/abs/10.1145/2591796.2591850  (2014)],,2014,https://dl.acm.org/doi/abs/10.1145/2591796.2591850,,,,,,,,,,,O tilde(n^(1/2)D^(1/4)+D),,,,,,CONGEST,,Yes,LV,Yes,1+o(1),omega(n/log(n)) for any poly(n) approximation,https://dl.acm.org/doi/abs/10.1145/2591796.2591850,,,,,,,,,,,,,,,,,,,,,,,,,,
,APSP,1,Weighted edges,,Find all-pair-shortest-paths in the network,,,,,,,[https://dl.acm.org/doi/pdf/10.1145/3055399.3055452  (2017)],,2017,https://dl.acm.org/doi/pdf/10.1145/3055399.3055452,,,,,,,,,,,O(n^(5/3) log^(2/3) n),https://dl.acm.org/doi/pdf/10.1145/3055399.3055452,,,n: number of graph nodes,,CONGEST,,Yes,LV,No,x,omega(n),https://arxiv.org/abs/1705.05646,,,,,,,,,,,,,,,,,,,,,,,,,,
,APSP,1,Weighted edges,,Find all-pair-shortest-paths in the network,,,,,,,"[https://arxiv.org/pdf/1811.03337.pdf#:~:text=In%20the%20distributed%20all%2Dpairs,(typically%20called%20time%20complexity).  (2019)]",,2019,"https://arxiv.org/pdf/1811.03337.pdf#:~:text=In%20the%20distributed%20all%2Dpairs,(typically%20called%20time%20complexity).",,,,,,,,,,,O tilda (n),"https://arxiv.org/pdf/1811.03337.pdf#:~:text=In%20the%20distributed%20all%2Dpairs,(typically%20called%20time%20complexity).",,,n: number of graph nodes,,CONGEST,,Yes,LV,No,,,,,,,,,,,,,,,,,,,,,,,,,,,,,
,APSP,1,Weighted edges,,Find all-pair-shortest-paths in the network,,,,,,,,,2017,https://ieeexplore.ieee.org/abstract/document/8104056,,,,,,,,,,,O tilde(n^5/4),,,,,,CONGEST,,Yes,LV,No,,,,,,,,,,,,,,,,,,,,,,,,,,,,,
,APSP,1,Weighted edges,,Find all-pair-shortest-paths in the network,,,,,,,,,2018,https://dl.acm.org/doi/abs/10.1145/3212734.3212773,,,,,,,,,,,O tilde(n^3/2),,,,,,CONGEST,,No,,No,,,,,,,,,,,,,,,,,,,,,,,,,,,,,
,APSP,1,Weighted edges,,Find all-pair-shortest-paths in the network,,,,,,,,,2020,https://dl.acm.org/doi/abs/10.1145/3350755.3400256,,,,,,,,,,,O tilde(n^4/3),,,,,,CONGEST,,No,,No,,,,,,,,,,,,,,,,,,,,,,,,,,,,,
,APSP,1,Unweighted edges,,Find all-pair-shortest-paths in the network,,,,,,,,,2019,https://dl.acm.org/doi/abs/10.1145/3293883.3295729,,,,,,,,O(nm),messages,,O(n),,,,,,CONGEST,,No,,No,,,,,,,,,,,,,,,,,,,,,,,,,,,,,
,APSP,1,2+epsilon approximation + small additive error,,Find all-pair-shortest-paths in the network,,,,,,,,,2019,https://dl.acm.org/doi/pdf/10.1145/3293611.3331633,,,,,,,,,,,O(log^2(n)/epsilon),,,,,,CONGESTED CLIQUE,,No,,Yes,2+epsilon and a small additive error for the weighted case,,,,,,,,,,,,,,,,,,,,,,,,,,,,
,APSP,1,2+epsilon approximation,,Find all-pair-shortest-paths in the network,,,,,,,,,2020,https://arxiv.org/abs/2003.03058,,,,,,,,,,,O tilde(loglogn^4),,,,,,CONGESTED CLIQUE,,No,,Yes,2+epsilon,,,,,,,,,,,,,,,,,,,,,,,,,,,,
,APSP,1,2+epsilon approximation,,Find all-pair-shortest-paths in the network,,,,,,,,,2020,https://arxiv.org/abs/2003.03058,,,,,,,,,,,O tilde(loglogn^2),,,,,,CONGESTED CLIQUE,,Yes,LV,Yes,2+epsilon,,,,,,,,,,,,,,,,,,,,,,,,,,,,
,APSP,1,Unweighted O(log(n)) approximation,,Find all-pair-shortest-paths in the network,,,,,,,,,2021,https://dl.acm.org/doi/pdf/10.1145/3465084.3467928,,,,,,,,,,,O(1),,,,,,CONGESTED CLIQUE,,Yes,LV,Yes,O(log(n)),,,,,,,,,,,,,,,,,,,,,,,,,,,,
,APSP,1,Weighted O(log^2(n)) approximation,,Find all-pair-shortest-paths in the network,,,,,,,,,2021,https://dl.acm.org/doi/pdf/10.1145/3465084.3467928,,,,,,,,,,,O(1),,,,,,CONGESTED CLIQUE,,Yes,LV,Yes,O(log^2(n)),,,,,,,,,,,,,,,,,,,,,,,,,,,,
,MSSP,1,1+epsilon approximation from O(sqrt(n)) sources,,Find the shortest paths from multiple sources,,,,,,,,,2019,https://dl.acm.org/doi/pdf/10.1145/3293611.3331633,,,,,,,,,,,O(log^2(n)/epsilon),,,,,,CONGESTED CLIQUE,,No,,Yes,1+epsilon,,,,,,,,,,,,,,,,,,,,,,,,,,,,
,MSSP,1,1+epsilon approximation from O(sqrt(n)) sources,,Find the shortest paths from multiple sources,,,,,,,,,2020,https://arxiv.org/abs/2003.03058,,,,,,,,,,,O tilde(loglogn^4),,,,,,CONGESTED CLIQUE,,No,,Yes,1+epsilon,,,,,,,,,,,,,,,,,,,,,,,,,,,,
,MSSP,1,1+epsilon approximation from O(sqrt(n)) sources,,Find the shortest paths from multiple sources,,,,,,,,,2020,https://arxiv.org/abs/2003.03058,,,,,,,,,,,O tilde(loglogn^2),,,,,,CONGESTED CLIQUE,,Yes,LV,Yes,1+epsilon,,,,,,,,,,,,,,,,,,,,,,,,,,,,
,Girth,,2-1/g approximation,,Find the shortest cycle in the graph,,,,,,,[https://dl.acm.org/doi/pdf/10.1145/2332432.2332504  (2012)],,2012,https://dl.acm.org/doi/pdf/10.1145/2332432.2332504,,,,,,,,,,,O(n^2/3+D*log(D/g)),,,,g - girth,,CONGEST,,No,,Yes,2-1/g,omega tilde(sqrt(n)+D) for 2-epsilon approximation,https://dl.acm.org/doi/pdf/10.5555/2095116.2095207,,,,,,,,,,,,,,,,,,,,,,,,,,
,Girth,,2-1/g approximation,,Find the shortest cycle in the graph,,,,,,,[https://link.springer.com/chapter/10.1007/978-3-642-31585-5_58  (2012)],,2012,https://link.springer.com/chapter/10.1007/978-3-642-31585-5_58,,,,,,,,,,,O(D+sqrt(gn)log(n)),,,,g - girth,,CONGEST,,No,,Yes,2-1/g,omega tilde(sqrt(n)+D) for 2-epsilon approximation,https://dl.acm.org/doi/pdf/10.5555/2095116.2095207,,,,,,,,,,,,,,,,,,,,,,,,,,
,Girth,,,,Find the shortest cycle in the graph,,,,,,,[https://arxiv.org/pdf/2101.07590.pdf  (2021)],,2021,https://arxiv.org/pdf/2101.07590.pdf,,,,,,,,,,,"O(min(n,g*n^(1-1/theta(g))))",,,,g - girth,,CONGEST,,No,,No,,,,,,,,,,,,,,,,,,,,,,,,,,,,,
,Girth,,,,Find the shortest cycle in the graph,,,,,,,[https://arxiv.org/pdf/1503.04963.pdf  (2015)],,2015,https://arxiv.org/pdf/1503.04963.pdf,,,,,,,,,,,O(n^(1-2/w)),,,,w - exponent of matrix multiplication,,CONGESTED CLIQUE,,No,,No,,,,,,,,,,,,,,,,,,,,,,,,,,,,,
,Girth,,additive +1 approximation,,Find the shortest cycle in the graph,,,,,,,[https://arxiv.org/pdf/2101.07590.pdf  (2021)],,2021,https://arxiv.org/pdf/2101.07590.pdf,,,,,,,,,,,O(1),,,,,,CONGESTED CLIQUE,,No,,Yes,+1,,,,,,,,,,,,,,,,,,,,,,,,,,,,
,Girth,,Weighted,,Find the cycle with minimum weight,,,,,,,,,2021,https://link.springer.com/article/10.1007/s11432-020-2931-x,,,,,,,,,,,O(D+nlog^2(n)),,,,,,CONGEST,,Yes,LV,No,,omega(D+n/log(n)),https://link.springer.com/article/10.1007/s11432-020-2931-x,,,,,,,,,,,,,,,,,,,,,,,,,,
,Girth,,Weighted,,Find the cycle with minimum weight,,,,,,,,,2022,https://arxiv.org/pdf/2205.14797.pdf,,,,,,,,,,,O tilde(n),,,,,,CONGEST,,Yes,LV,No,,omega(n/log(n)) for weighted but only omega(sqrt(n)/log(n)) for unweighted,https://arxiv.org/pdf/2205.14797.pdf,,,,,,,,,,,,,,,,,,,,,,,,,,
,Diameter,,,,Find the diameter of the graph,,,,,,,,,2012,https://link.springer.com/chapter/10.1007/978-3-642-31585-5_58,,,,,,,,,,,O(n),,,,,,CONGEST,,No,,No,,omega tilde(n),https://dl.acm.org/doi/10.5555/2095116.2095207,,,,,,,,,,,,,,,,,,,,,,,,,,
,Diameter,,,,Find the diameter of the graph,,,,,,,,,2013,https://dl.acm.org/doi/abs/10.1145/2484239.2484262,,,,,,,,,,,n+O(D),,,,,,CONGEST,,No,,No,,omega tilde(n),https://dl.acm.org/doi/10.5555/2095116.2095207,,,,,,,,,,,,,,,,,,,,,,,,,,
,Diameter,,3/2 approximation,,Find the diameter of the graph,,,,,,,,,2012,https://dl.acm.org/doi/abs/10.1145/2332432.2332504,,,,,,,,,,,O(n^3/4+D),,,,,,CONGEST,,No,,Yes,3/2,omega tilde(sqrt(n)+D) for 3/2-epsilon approximation,https://dl.acm.org/doi/pdf/10.5555/2095116.2095207,,,,,,,,,,,,,,,,,,,,,,,,,,
,Diameter,,"3/2 approximation, unweighted",,Find the diameter of the graph,,,,,,,,,2013,https://dl.acm.org/doi/abs/10.1145/2332432.2332504,,,,,,,,,,,O(sqrt(n)log(n)+D),,,,,,CONGEST,,Yes,LV,Yes,3/2,omega tilde(sqrt(n)+D) for 3/2-epsilon approximation,https://dl.acm.org/doi/pdf/10.5555/2095116.2095207,,,,,,,,,,,,,,,,,,,,,,,,,,
,Diameter,,"2+1/polylog(n) approximation, weighted",,Find the diameter of the graph,,,,,,,,,2020,https://arxiv.org/pdf/2011.05066.pdf,,,,,,,,,,,O tilde(sqrt(n)+D),,,,,,CONGEST,,No,,Yes,2+1/polylog(n),omega tilde(sqrt(n)+D) for any super-constant approximation,https://link.springer.com/article/10.1007/s00446-018-0326-6,,,,,,,,,,,,,,,,,,,,,,,,,,
,Diameter,,"2 approximation, weighted",,Find the diameter of the graph,,,,,,,,,2020,https://arxiv.org/pdf/2011.05066.pdf,,,,,,,,,,,O(n^(1/2)D^(1/4)+D),,,,,,CONGEST,,No,,Yes,2,,,,,,,,,,,,,,,,,,,,,,,,,,,,
,Replacement Paths,,Directed weighted,,"For each edge, find a shortest path that avoids this edge",,,,,,,,,2022,https://arxiv.org/pdf/2205.14797.pdf,,,,,,,,,,,O(APSP),,,,APSP: complexity of all-pairs-shortest-paths,,CONGEST,,Yes,LV,No,,omega(APSP),https://arxiv.org/pdf/2205.14797.pdf,,,,,,,,,,,,,,,,,,,,,,,,,,
,Replacement Paths,,Directed unweighted,,"For each edge, find a shortest path that avoids this edge",,,,,,,,,2022,https://arxiv.org/pdf/2205.14797.pdf,,,,,,,,,,,"O tilde(min(n^2/3+sqrt(n*hst)+D,SSSP*hst)",,,,hst: number of edges in the shortest path from s to t,,CONGEST,,Yes,LV,No,,omega(n/log(n)),https://arxiv.org/pdf/2205.14797.pdf,,,,,,,,,,,,,,,,,,,,,,,,,,
,Replacement Paths,,Undirected weighted,,"For each edge, find a shortest path that avoids this edge",,,,,,,,,2022,https://arxiv.org/pdf/2205.14797.pdf,,,,,,,,,,,O(SSSP+hst),,,,hst: number of edges in the shortest path from s to t,,CONGEST,,Yes,LV,No,,omega(SSSP),https://arxiv.org/pdf/2205.14797.pdf,,,,,,,,,,,,,,,,,,,,,,,,,,
,Replacement Paths,,Undirected unweighted,,"For each edge, find a shortest path that avoids this edge",,,,,,,,,2022,https://arxiv.org/pdf/2205.14797.pdf,,,,,,,,,,,O(D),,,,,,CONGEST,,No,,No,,omega(D),https://arxiv.org/pdf/2205.14797.pdf,,,,,,,,,,,,,,,,,,,,,,,,,,
,Maximum Weight Matching,1,2+epsilon approximation in BIPARTITE graphs,,Find a matching with maximum possible weight,,,,,,,[https://arxiv.org/pdf/0812.4893.pdf  (2008)],,2008,https://arxiv.org/pdf/0812.4893.pdf,,,,,,,,,,,O(delta/epsilon),,,,,,LOCAL,,No,,Yes,2+epsilon,,,,,,,,,,,,,,,,,,,,,,,,,,,,
,Betweenness Centrality,1,,,Every vertex computes its betweenness centrality,,,,,,,,,2016,https://ieeexplore.ieee.org/document/7536526,,,,,,,,,,,O(n),,,,,,CONGEST,,No,,No,,omega(n/log(n)+D),https://ieeexplore.ieee.org/document/7536526,,,,,,,,,,,,,,,,,,,,,,,,,,
,Betweenness Centrality,1,,,Every vertex computes its betweenness centrality,,,,,,,,,2018,https://arxiv.org/abs/1805.08124,,,,,,,,2mn+2m,messages,,2n+O(D),,,,,,CONGEST,,No,,No,,,,,,,,,,,,,,,,,,,,,,,,,,,,,
,Betweenness Centrality,1,,,Every vertex computes its betweenness centrality,,,,,,,,,2019,https://dl.acm.org/doi/abs/10.1145/3293883.3295729,,,,,,,,mn,messages,,2n,,,,,,CONGEST,,No,,No,,,,,,,,,,,,,,,,,,,,,,,,,,,,,
,Leader Election,1,LCR (basic),,"Multiple processes passing identifiers around a ring. If identifier equal to its own identifier, keep identifier and become leader",,,,,,"E. Chang, R. Roberts, An improved algorithm for decentralized extrema-finding in circular configurations of processes, Comm. ACM 22 (5) (1979) 281–283.","[E. Chang, R. Roberts, An improved algorithm for decentralized extrema-finding in circular configurations of processes, Comm. ACM 22 (5) (1979) 281–283. LCR (basic) (1979)]",LCR (basic),1979,"E. Chang, R. Roberts, An improved algorithm for decentralized extrema-finding in circular configurations of processes, Comm. ACM 22 (5) (1979) 281–283.",,,,,,,,O(n^2),messages,,,,O(n),,M: message alphabet ,,,Sync,,,,,,,,,,,,,,,,,,,,,,,,,,,,,,,,
,Leader Election,1,LCR (halting),,"Multiple processes passing identifiers around a ring. If identifier equal to its own identifier, keep identifier and become leader",,,,,,"E. Chang, R. Roberts, An improved algorithm for decentralized extrema-finding in circular configurations of processes, Comm. ACM 22 (5) (1979) 281–283.","[E. Chang, R. Roberts, An improved algorithm for decentralized extrema-finding in circular configurations of processes, Comm. ACM 22 (5) (1979) 281–283. LCR (halting) (1979)]",LCR (halting),1979,"E. Chang, R. Roberts, An improved algorithm for decentralized extrema-finding in circular configurations of processes, Comm. ACM 22 (5) (1979) 281–283.",,,,,,,,O(n^2),messages,,,,O(2n),,M: message alphabet n: ring size ,,,Sync,,,,,Ω(n),,,,,,,,,,,,,,,,,,,,,,,,,,,
,Leader Election,1,HS Algorithm,,' '',,,,,,"Hirschberg, D. S.; Sinclair, J. B. (November 1980), ""Decentralized extrema-finding in circular configurations of processors"", Communications of the ACM, 23 (11): 627–628,","[Hirschberg, D. S.; Sinclair, J. B. (November 1980), ""Decentralized extrema-finding in circular configurations of processors"", Communications of the ACM, 23 (11): 627–628, HS Algorithm (1980)]",HS Algorithm,1980,"Hirschberg, D. S.; Sinclair, J. B. (November 1980), ""Decentralized extrema-finding in circular configurations of processors"", Communications of the ACM, 23 (11): 627–628,",,,,,,,,O(nlogn),messages,,O(nlogn),,2 * 2^(logn),,,,,Sync,,,,,Ω(n),,,,,,,,,,,,,,,,,,,,,,,,,,,
,Leader Election,1,TimeSlice Algorithm,,' '',,,,,,,[  ()],,,,,,,,,,,n,messages,,,,O (n),,,,,Sync,,,,,,,,,,,,,,,,,,,,,,,,,,,,,,,,
,Leader Election,1,VariableSpeeds Algorithm,,' '',,,,,,,"[FREDERICKSON, G. N., AND LYNCH, N. The impact of synchronous communication on the problem of electing a leader in a ring. In Proceedings of the 16th Annual ACM Symposium on Theory c$Computing (Washington, D.C., Apr. 30-May 2). ACM, New York, 1984, pp. 493-503. VariableSpeeds Algorithm (1984)]",VariableSpeeds Algorithm,1984,"FREDERICKSON, G. N., AND LYNCH, N. The impact of synchronous communication on the problem of electing a leader in a ring. In Proceedings of the 16th Annual ACM Symposium on Theory c$Computing (Washington, D.C., Apr. 30-May 2). ACM, New York, 1984, pp. 493-503.",,,,,,,,<2n,messages,,,,O(n*2 ^u~min),,,,,Sync,,,,,,,,,,,,,,,,,,,,,,,,,,,,,,,,
,Leader Election,1,VariableSpeeds Algorithm (modified),,' '',,,,,,,"[FREDERICKSON, G. N., AND LYNCH, N. The impact of synchronous communication on the problem of electing a leader in a ring. In Proceedings of the 16th Annual ACM Symposium on Theory c$Computing (Washington, D.C., Apr. 30-May 2). ACM, New York, 1984, pp. 493-503. VariableSpeeds Algorithm (modified) (1984)]",VariableSpeeds Algorithm (modified),1984,"FREDERICKSON, G. N., AND LYNCH, N. The impact of synchronous communication on the problem of electing a leader in a ring. In Proceedings of the 16th Annual ACM Symposium on Theory c$Computing (Washington, D.C., Apr. 30-May 2). ACM, New York, 1984, pp. 493-503.",,,,,,,,<2n,messgaes,,n,,O(n + n*2 ^u~min),,,,,Sync,,,,,,,,,,,,,,,,,,,,,,,,,,,,,,,,
,Leader Election,0.001,Comparison Based,,""" """,,,,,,,"[FREDERICKSON, G. N., AND LYNCH, N. The impact of synchronous communication on the problem of electing a leader in a ring. In Proceedings of the 16th Annual ACM Symposium on Theory c$Computing (Washington, D.C., Apr. 30-May 2). ACM, New York, 1984, pp. 493-503. VariableSpeeds Algorithm (modified) (1984)]",VariableSpeeds Algorithm (modified),1984,"FREDERICKSON, G. N., AND LYNCH, N. The impact of synchronous communication on the problem of electing a leader in a ring. In Proceedings of the 16th Annual ACM Symposium on Theory c$Computing (Washington, D.C., Apr. 30-May 2). ACM, New York, 1984, pp. 493-503.",,,,,,,,,messages,,,,,,,,,Sync,,,,,(n log n),,,,,,,,,,,,,,,,,,,,,,,,,,"algorithm is comparison based if the only ways that the processes manipulate the UIDs are by copying them, by sending and receiving them in messages, and by comparing them for {<, >, =}.",
,Leader Election,0.001,Non-comparison based,,""" """,,,,,,,"[FREDERICKSON, G. N., AND LYNCH, N. The impact of synchronous communication on the problem of electing a leader in a ring. In Proceedings of the 16th Annual ACM Symposium on Theory c$Computing (Washington, D.C., Apr. 30-May 2). ACM, New York, 1984, pp. 493-503. VariableSpeeds Algorithm (modified) (1984)]",VariableSpeeds Algorithm (modified),1984,"FREDERICKSON, G. N., AND LYNCH, N. The impact of synchronous communication on the problem of electing a leader in a ring. In Proceedings of the 16th Annual ACM Symposium on Theory c$Computing (Washington, D.C., Apr. 30-May 2). ACM, New York, 1984, pp. 493-503.",,,,,,,,,messages,,,,,,,,,Sync,,,,,(n log n),,,,,,,,,,,,,,,,,,,,,,,,,,,
,Leader Election,0.001,OptFloodmax,,,,,,,,,[  ()],,,,,,,,,,,,messages,,,,,,,,,Sync,,,,,,,,,,,,,,,,,,,,,,,,,,,,,,,,
,Leader Election,0.001,Paxos,,algorithm that is used to achieve consensus among a distributed set of computers that communicate via an asynchronous network,,,,,,https://lamport.azurewebsites.net/pubs/lamport-paxos.pdf,,Paxos,1998,https://lamport.azurewebsites.net/pubs/lamport-paxos.pdf,,,,,,,,,messages,,,,,,,,,async,,,,,,,,,,,,,,,,,,,,,,,,,,,,,,,,
,Leader Election,0.001,Raft,,"algorithm for managing a replicated log. It produces a result equivalent to (multi-)Paxos, and it is as efficient as Paxos, but its structure is different from Paxos",,,,,,https://raft.github.io/raft.pdf,,Raft,2013,https://raft.github.io/raft.pdf,,,,,,,,,messages,,,,,,,,,async,,,,,,,,,,,,,,,,,,,,,,,,,,,,,,,,
,Leader Election,0.001,Bully Algorithm,,a method for dynamically electing a coordinator or leader from a group of distributed computer processes,,,,,,,,Bully Algorithm,1982,https://ieeexplore.ieee.org/abstract/document/818613,,,,,,,,,messages,,O(n),,O(n^2),,,,,sync,,,,,Ω(n),,,,,,,,,,,,,,,,,,,,,,,,,,,
,,,,,,,,,,,,,,,,,,,,,,,,,,,,,,,,,,,,,,,,,,,,,,,,,,,,,,,,,,,,,,,,,
,BFS,1,SynchBFS,,,,,,,,,[  ()],,,,,,,,,,,|E|,messages,,,,O(diameter),,,,,Sync,,,,,,,,,,,,,,,,,,,,,,,,,,,,,,,"can easily be augmented to implement message broadcast. If a process has a message m that it wants to communicate to all of the processes in the network, it can simply initiate an execution of SynchBFS with itself as the root, piggybacking message m on the search message it sends in round 1",
,BFS,1,basic coordinated multiple-source algorilhl'n,,"solves kIl 0 W n -c 0 nnecti vity BFS, is to constructaBFS
forest on a strip with starting knowledge of a spanning forest of the strip, each tree spanning another
connected component of the strip.",,,,,,,[http://groups.csail.mit.edu/tds/papers/Awerbuch/FOCS85.pdf basic coordinated multiple-source algorilhl'n (1985)],basic coordinated multiple-source algorilhl'n,1985,http://groups.csail.mit.edu/tds/papers/Awerbuch/FOCS85.pdf,,,,,,,,O(E+V1.S)·logV),,,,,O(V1.5·logV),,,,,Async,,,,,,,,,,,,,,,,,,,,,,,,,,,,,,,,
,BFS,1,bootstrap algorithm,,"solves unknown -connectivity BFS, is
to construc t a BFS forest on a strip withou t such
knowledge.",,,,,,,[http://groups.csail.mit.edu/tds/papers/Awerbuch/FOCS85.pdf bootstrap algorithm (1985)],bootstrap algorithm,1985,http://groups.csail.mit.edu/tds/papers/Awerbuch/FOCS85.pdf,,,,,,,,O(E·2^(sqrt(logVloglogV))),,,,,O(V*2^(sqrt(logVloglogV))),,,,,Async,,,,,,,,,,,,,,,,,,,,,,,,,,,,,,,,
,BFS,0.001,old method,,,,,,,,,[  ()],,,,,,,,,,,O(V*log_k(V)),,,,,O(kV^2),,,,,,,,,,,,,,,,,,,,,,,,,,,,,,,,,,,,,
,,,,,,,,,,,,[  ()],,,,,,,,,,,,,,,,,,,,,,,,,,,,,,,,,,,,,,,,,,,,,,,,,,,,,
,,,,,,,,,,,,[  ()],,,,,,,,,,,,,,,,,,,,,,,,,,,,,,,,,,,,,,,,,,,,,,,,,,,,,
,,,,,,,,,,,,[  ()],,,,,,,,,,,,,,,,,,,,,,,,,,,,,,,,,,,,,,,,,,,,,,,,,,,,,
,,,,,,,,,,,,[  ()],,,,,,,,,,,,,,,,,,,,,,,,,,,,,,,,,,,,,,,,,,,,,,,,,,,,,
,,,,,,,,,,,,[  ()],,,,,,,,,,,,,,,,,,,,,,,,,,,,,,,,,,,,,,,,,,,,,,,,,,,,,
30,Mutual Exclusion,0.001,Lamport’s Distributed Mutual Exclusion Algorithm,,critical section requests are executed in the increasing order of timestamps,,,,,,http://lamport.azurewebsites.net/pubs/bakery.pdf?from=https://research.microsoft.com/users/lamport/pubs/bakery.pdf&type=path,[http://lamport.azurewebsites.net/pubs/bakery.pdf?from=https://research.microsoft.com/users/lamport/pubs/bakery.pdf&type=path Lamport's bakery algorithm (1974)],Lamport's bakery algorithm,1974,http://lamport.azurewebsites.net/pubs/bakery.pdf?from=https://research.microsoft.com/users/lamport/pubs/bakery.pdf&type=path,,,,,,,,,,,,,,,,,,,,,,,,,,,,,,,,,,,,,,,,,,,,,,,,,,
,,,,,,,,,,,,[  ()],,,,,,,,,,,,,,,,,,,,,,,,,,,,,,,,,,,,,,,,,,,,,,,,,,,,,
,,,,,,,,,,,,[  ()],,,,,,,,,,,,,,,,,,,,,,,,,,,,,,,,,,,,,,,,,,,,,,,,,,,,,
,,,,,,,,,,,,[  ()],,,,,,,,,,,,,,,,,,,,,,,,,,,,,,,,,,,,,,,,,,,,,,,,,,,,,
,,,,,,,,,,,,[  ()],,,,,,,,,,,,,,,,,,,,,,,,,,,,,,,,,,,,,,,,,,,,,,,,,,,,,
,,,,,,,,,,,,[  ()],,,,,,,,,,,,,,,,,,,,,,,,,,,,,,,,,,,,,,,,,,,,,,,,,,,,,
,,,,,,,,,,,,[  ()],,,,,,,,,,,,,,,,,,,,,,,,,,,,,,,,,,,,,,,,,,,,,,,,,,,,,
,,,,,,,,,,,,[  ()],,,,,,,,,,,,,,,,,,,,,,,,,,,,,,,,,,,,,,,,,,,,,,,,,,,,,
,,,,,,,,,,,,[  ()],,,,,,,,,,,,,,,,,,,,,,,,,,,,,,,,,,,,,,,,,,,,,,,,,,,,,
,,,,,,,,,,,,[  ()],,,,,,,,,,,,,,,,,,,,,,,,,,,,,,,,,,,,,,,,,,,,,,,,,,,,,
,,,,,,,,,,,,[  ()],,,,,,,,,,,,,,,,,,,,,,,,,,,,,,,,,,,,,,,,,,,,,,,,,,,,,
,,,,,,,,,,,,[  ()],,,,,,,,,,,,,,,,,,,,,,,,,,,,,,,,,,,,,,,,,,,,,,,,,,,,,
,,,,,,,,,,,,[  ()],,,,,,,,,,,,,,,,,,,,,,,,,,,,,,,,,,,,,,,,,,,,,,,,,,,,,
,,,,,,,,,,,,[  ()],,,,,,,,,,,,,,,,,,,,,,,,,,,,,,,,,,,,,,,,,,,,,,,,,,,,,
,,,,,,,,,,,,[  ()],,,,,,,,,,,,,,,,,,,,,,,,,,,,,,,,,,,,,,,,,,,,,,,,,,,,,